<?xml version="1.0" encoding="UTF-8"?>
<beans xmlns="http://www.springframework.org/schema/beans"
    xmlns:xsi="http://www.w3.org/2001/XMLSchema-instance"
    xmlns:context="http://www.springframework.org/schema/context"
    xmlns:mongo="http://www.springframework.org/schema/data/mongo"
    xsi:schemaLocation="http://www.springframework.org/schema/beans http://www.springframework.org/schema/beans/spring-beans.xsd
        http://www.springframework.org/schema/context http://www.springframework.org/schema/context/spring-context-4.0.xsd
        http://www.springframework.org/schema/data/mongo http://www.springframework.org/schema/data/mongo/spring-mongo-1.5.xsd">
 
<mongo:mongo host="localhost" port="27017" id="mongo" />
<mongo:db-factory dbname="hellodb" mongo-ref="mongo" id="mongoDbFactory" />
 
<bean id="mongoTemplate" class="org.springframework.data.mongodb.core.MongoTemplate">
    <constructor-arg name="mongoDbFactory" ref="mongoDbFactory" />
</bean>
<bean id="helloWorldDAO" class="database.mongodb.MongoDAOImpl">
    <constructor-arg name="mongoOps" ref="mongoTemplate"/>
</bean>
</beans>